Symbol,Date,Adj Close,Close,High,Low,Open,Volume
TSLA,2018-01-02,21.368667602539062,21.368667602539062,21.474000930786133,20.733333587646484,20.799999237060547,65283000
TSLA,2018-01-03,21.149999618530273,21.149999618530273,21.683332443237305,21.036666870117188,21.399999618530273,67822500
TSLA,2018-01-04,20.974666595458984,20.974666595458984,21.23666763305664,20.3786678314209,20.857999801635742,149194500
TSLA,2018-01-05,21.10533332824707,21.10533332824707,21.14933204650879,20.799999237060547,21.107999801635742,68868000
TSLA,2018-01-08,22.42733383178711,22.42733383178711,22.468000411987305,21.03333282470703,21.066667556762695,147891000
TSLA,2018-01-09,22.246000289916992,22.246000289916992,22.586666107177734,21.82666778564453,22.3439998626709,107199000
TSLA,2018-01-10,22.31999969482422,22.31999969482422,22.46666717529297,22.0,22.14666748046875,64648500
TSLA,2018-01-11,22.530000686645508,22.530000686645508,22.987333297729492,22.21733283996582,22.349332809448242,99682500
TSLA,2018-01-12,22.4146671295166,22.4146671295166,22.694000244140625,22.244667053222656,22.575332641601562,72376500
TSLA,2018-01-16,22.67066764831543,22.67066764831543,23.0,22.31999969482422,22.502666473388672,97114500
TSLA,2018-01-17,23.143999099731445,23.143999099731445,23.266666412353516,22.649999618530273,22.697999954223633,106552500
TSLA,2018-01-18,22.971332550048828,22.971332550048828,23.48666763305664,22.916000366210938,23.044666290283203,85287000
TSLA,2018-01-19,23.334667205810547,23.334667205810547,23.37266731262207,22.84000015258789,23.0,73324500
TSLA,2018-01-22,23.437332153320312,23.437332153320312,23.85533332824707,23.280000686645508,23.293333053588867,93156000
TSLA,2018-01-23,23.519332885742188,23.519332885742188,24.03333282470703,23.399999618530273,24.0,81981000
TSLA,2018-01-24,23.05933380126953,23.05933380126953,23.649999618530273,22.90133285522461,23.6386661529541,79312500
TSLA,2018-01-25,22.50933265686035,22.50933265686035,23.280000686645508,22.426666259765625,23.218000411987305,101104500
TSLA,2018-01-26,22.856666564941406,22.856666564941406,22.933332443237305,22.380666732788086,22.766666412353516,68091000
TSLA,2018-01-29,23.302000045776367,23.302000045776367,23.389999389648438,22.552000045776367,22.656667709350586,71206500
TSLA,2018-01-30,23.05466651916504,23.05466651916504,23.218000411987305,22.81133270263672,23.00933265686035,70765500
TSLA,2018-01-31,23.62066650390625,23.62066650390625,23.746000289916992,23.012666702270508,23.167333602905273,93211500
TSLA,2018-02-01,23.28333282470703,23.28333282470703,23.977333068847656,23.242000579833984,23.399999618530273,62965500
TSLA,2018-02-02,22.916667938232422,22.916667938232422,23.463333129882812,22.700666427612305,23.229333877563477,55572000
TSLA,2018-02-05,22.208667755126953,22.208667755126953,22.96466636657715,22.200000762939453,22.531333923339844,66961500
TSLA,2018-02-06,22.264667510986328,22.264667510986328,22.4146671295166,21.566667556762695,21.680667877197266,76326000
TSLA,2018-02-07,23.0,23.0,23.066667556762695,22.37733268737793,22.599332809448242,104538000
TSLA,2018-02-08,21.01533317565918,21.01533317565918,23.2413330078125,20.97333335876465,22.887332916259766,154719000
TSLA,2018-02-09,20.69466781616211,20.69466781616211,21.398666381835938,19.650667190551758,21.32866668701172,194005500
TSLA,2018-02-12,21.048667907714844,21.048667907714844,21.205333709716797,20.416667938232422,21.075332641601562,93417000
TSLA,2018-02-13,21.577333450317383,21.577333450317383,21.612667083740234,20.833999633789062,21.001333236694336,68403000
TSLA,2018-02-14,21.487333297729492,21.487333297729492,21.744667053222656,21.23466682434082,21.389333724975586,59260500
TSLA,2018-02-15,22.271333694458008,22.271333694458008,22.274667739868164,21.49333381652832,21.633333206176758,88693500
TSLA,2018-02-16,22.365999221801758,22.365999221801758,22.874666213989258,22.109333038330078,22.166667938232422,84639000
TSLA,2018-02-20,22.31800079345703,22.31800079345703,22.722667694091797,22.100000381469727,22.29800033569336,60141000
TSLA,2018-02-21,22.219999313354492,22.219999313354492,22.645999908447266,22.211332321166992,22.402000427246094,48294000
TSLA,2018-02-22,23.077999114990234,23.077999114990234,23.16266632080078,22.316667556762695,22.368667602539062,104547000
TSLA,2018-02-23,23.469999313354492,23.469999313354492,23.666000366210938,23.139999389648438,23.18866729736328,87261000
TSLA,2018-02-26,23.827999114990234,23.827999114990234,23.933332443237305,23.49066734313965,23.566667556762695,65100000
TSLA,2018-02-27,23.39933204650879,23.39933204650879,23.999332427978516,23.333999633789062,23.75,71961000
TSLA,2018-02-28,22.87066650390625,22.87066650390625,23.682666778564453,22.814666748046875,23.504667282104492,91045500
TSLA,2018-03-01,22.062000274658203,22.062000274658203,23.244667053222656,22.004667282104492,23.000667572021484,103284000
TSLA,2018-03-02,22.341333389282227,22.341333389282227,22.347999572753906,21.531333923339844,21.798667907714844,76392000
TSLA,2018-03-05,22.22333335876465,22.22333335876465,22.516666412353516,21.952667236328125,22.159332275390625,57357000
TSLA,2018-03-06,21.8799991607666,21.8799991607666,22.424667358398438,21.802000045776367,22.25,64285500
TSLA,2018-03-07,22.15333366394043,22.15333366394043,22.166667938232422,21.44933319091797,21.695999145507812,75109500
TSLA,2018-03-08,21.940000534057617,21.940000534057617,22.219999313354492,21.751333236694336,22.19066619873047,53493000
TSLA,2018-03-09,21.81133270263672,21.81133270263672,21.89933204650879,21.4913330078125,21.606666564941406,82602000
TSLA,2018-03-12,23.034000396728516,23.034000396728516,23.1473331451416,21.766666412353516,21.907333374023438,123960000
TSLA,2018-03-13,22.78933334350586,22.78933334350586,23.1473331451416,21.766666412353516,21.907333374023438,89487000
TSLA,2018-03-14,21.775333404541016,21.775333404541016,22.65399932861328,21.595333099365234,22.450666427612305,119511000
TSLA,2018-03-15,21.706666946411133,21.706666946411133,22.190000534057617,21.406667709350586,21.958667755126953,98472000
TSLA,2018-03-16,21.42333221435547,21.42333221435547,21.82666778564453,21.271333694458008,21.528667449951172,91759500
TSLA,2018-03-19,20.90399932861328,20.90399932861328,21.383333206176758,20.64466667175293,21.100000381469727,112264500
TSLA,2018-03-20,20.703332901000977,20.703332901000977,21.083332061767578,20.583999633789062,20.9913330078125,71464500
TSLA,2018-03-21,21.101999282836914,21.101999282836914,21.496000289916992,20.679332733154297,20.683332443237305,89376000
TSLA,2018-03-22,20.606666564941406,20.606666564941406,21.254667282104492,20.545333862304688,20.926000595092773,74097000
TSLA,2018-03-23,20.1026668548584,20.1026668548584,20.75,20.030000686645508,20.75,99823500
TSLA,2018-03-26,20.278667449951172,20.278667449951172,20.506000518798828,19.423999786376953,20.48933219909668,125628000
TSLA,2018-03-27,18.61199951171875,18.61199951171875,20.284666061401367,18.478666305541992,20.266666412353516,208080000
TSLA,2018-03-28,17.185333251953125,17.185333251953125,17.91200065612793,16.80666732788086,17.6386661529541,315021000
TSLA,2018-03-29,17.742000579833984,17.742000579833984,18.06399917602539,16.547332763671875,17.099332809448242,227560500
TSLA,2018-04-02,16.832000732421875,16.832000732421875,17.35533332824707,16.305999755859375,17.083999633789062,241710000
TSLA,2018-04-03,17.8353328704834,17.8353328704834,18.22333335876465,16.965999603271484,17.988000869750977,282666000
TSLA,2018-04-04,19.12933349609375,19.12933349609375,19.224666595458984,16.799999237060547,16.851999282836914,298450500
TSLA,2018-04-05,20.381332397460938,20.381332397460938,20.417333602905273,19.213333129882812,19.28933334350586,286816500
TSLA,2018-04-06,19.953332901000977,19.953332901000977,20.618667602539062,19.700000762939453,20.066667556762695,202804500
TSLA,2018-04-09,19.310667037963867,19.310667037963867,20.633333206176758,19.28066635131836,20.024667739868164,153747000
TSLA,2018-04-10,20.31333351135254,20.31333351135254,20.47333335876465,19.57866668701172,19.931333541870117,164847000
TSLA,2018-04-11,20.062000274658203,20.062000274658203,20.59866714477539,19.977333068847656,20.049333572387695,112243500
TSLA,2018-04-12,19.60533332824707,19.60533332824707,20.26333236694336,19.57866668701172,20.154666900634766,114132000
TSLA,2018-04-13,20.022666931152344,20.022666931152344,20.26333236694336,19.73200035095215,20.239999771118164,109908000
TSLA,2018-04-16,19.413999557495117,19.413999557495117,19.977333068847656,19.267332077026367,19.933332443237305,95077500
TSLA,2018-04-17,19.179332733154297,19.179332733154297,19.47800064086914,18.833999633789062,19.257999420166016,105000000
TSLA,2018-04-18,19.55666732788086,19.55666732788086,20.016000747680664,19.21066665649414,19.405332565307617,98365500
TSLA,2018-04-19,20.005332946777344,20.005332946777344,20.067333221435547,19.23666763305664,19.405332565307617,91359000
TSLA,2018-04-20,19.349332809448242,19.349332809448242,19.998666763305664,19.316667556762695,19.67799949645996,84418500
TSLA,2018-04-23,18.891332626342773,18.891332626342773,19.441333770751953,18.82200050354004,19.41933250427246,73401000
TSLA,2018-04-24,18.8973331451416,18.8973331451416,19.139333724975586,18.56399917602539,19.0,85279500
TSLA,2018-04-25,18.71266746520996,18.71266746520996,19.01066780090332,18.483333587646484,18.899999618530273,60204000
TSLA,2018-04-26,19.031999588012695,19.031999588012695,19.05266761779785,18.433332443237305,18.583332061767578,65340000
TSLA,2018-04-27,19.60533332824707,19.60533332824707,19.631332397460938,18.922000885009766,19.024667739868164,65469000
TSLA,2018-04-30,19.593332290649414,19.593332290649414,19.915332794189453,19.5,19.573999404907227,63423000
TSLA,2018-05-01,19.994667053222656,19.994667053222656,20.05466651916504,19.54800033569336,19.567333221435547,69384000
TSLA,2018-05-02,20.07666778564453,20.07666778564453,20.456666946411133,19.851999282836914,19.904666900634766,134556000
TSLA,2018-05-03,18.963333129882812,18.963333129882812,19.202667236328125,18.34866714477539,18.586000442504883,260281500
TSLA,2018-05-04,19.606000900268555,19.606000900268555,19.790666580200195,18.634666442871094,18.866666793823242,128541000
TSLA,2018-05-07,20.184667587280273,20.184667587280273,20.3973331451416,19.67799949645996,19.833332061767578,130173000
TSLA,2018-05-08,20.131332397460938,20.131332397460938,20.516666412353516,19.933332443237305,20.053333282470703,88950000
TSLA,2018-05-09,20.456666946411133,20.456666946411133,20.46733283996582,20.003332138061523,20.027332305908203,85911000
TSLA,2018-05-10,20.334667205810547,20.334667205810547,20.865999221801758,20.27400016784668,20.5,84774000
TSLA,2018-05-11,20.070667266845703,20.070667266845703,20.591999053955078,19.93866729736328,20.51333236694336,70194000
TSLA,2018-05-14,19.46466636657715,19.46466636657715,20.32933235168457,19.441333770751953,20.221332550048828,109302000
TSLA,2018-05-15,18.94533348083496,18.94533348083496,19.130666732788086,18.700000762939453,19.000667572021484,142788000
TSLA,2018-05-16,19.09866714477539,19.09866714477539,19.253999710083008,18.770666122436523,18.922000885009766,85110000
TSLA,2018-05-17,18.96933364868164,18.96933364868164,19.279333114624023,18.931333541870117,19.059999465942383,66309000
TSLA,2018-05-18,18.454666137695312,18.454666137695312,18.976667404174805,18.266666412353516,18.976667404174805,108778500
TSLA,2018-05-21,18.965999603271484,18.965999603271484,19.432666778564453,18.753332138061523,18.755332946777344,137739000
TSLA,2018-05-22,18.333999633789062,18.333999633789062,19.200000762939453,18.22800064086914,19.18400001525879,134187000
TSLA,2018-05-23,18.60466766357422,18.60466766357422,18.660667419433594,18.266666412353516,18.517332077026367,89776500
TSLA,2018-05-24,18.523332595825195,18.523332595825195,18.74066734313965,18.326000213623047,18.559999465942383,62650500
TSLA,2018-05-25,18.59000015258789,18.59000015258789,18.642667770385742,18.374000549316406,18.5086669921875,58126500
TSLA,2018-05-29,18.917333602905273,18.917333602905273,19.100000381469727,18.40999984741211,18.567333221435547,84999000
TSLA,2018-05-30,19.447999954223633,19.447999954223633,19.667333602905273,18.773332595825195,18.88599967956543,112345500
TSLA,2018-05-31,18.98200035095215,18.98200035095215,19.357999801635742,18.86199951171875,19.1473331451416,88795500
TSLA,2018-06-01,19.454666137695312,19.454666137695312,19.463333129882812,18.922666549682617,19.05733299255371,81366000
TSLA,2018-06-04,19.78266716003418,19.78266716003418,19.933332443237305,19.56999969482422,19.62266731262207,71967000
TSLA,2018-06-05,19.408666610717773,19.408666610717773,19.85333251953125,19.115999221801758,19.84666633605957,89928000
TSLA,2018-06-06,21.299999237060547,21.299999237060547,21.47800064086914,19.832000732421875,20.03333282470703,281509500
TSLA,2018-06-07,21.07266616821289,21.07266616821289,22.0,20.905332565307617,21.07666778564453,215179500
TSLA,2018-06-08,21.17733383178711,21.17733383178711,21.631999969482422,21.143333435058594,21.266666412353516,123078000
TSLA,2018-06-11,22.139999389648438,22.139999389648438,22.310667037963867,21.5,21.500667572021484,197752500
TSLA,2018-06-12,22.851333618164062,22.851333618164062,23.6646671295166,22.53333282470703,22.979999542236328,335211000
TSLA,2018-06-13,22.985332489013672,22.985332489013672,23.14666748046875,22.65333366394043,23.11400032043457,142047000
TSLA,2018-06-14,23.847999572753906,23.847999572753906,23.916667938232422,23.106666564941406,23.17533302307129,164715000
TSLA,2018-06-15,23.878000259399414,23.878000259399414,24.31133270263672,23.416667938232422,23.589332580566406,162724500
TSLA,2018-06-18,24.722000122070312,24.722000122070312,24.915332794189453,23.633333206176758,23.69333267211914,181098000
TSLA,2018-06-19,23.503332138061523,23.503332138061523,24.666667938232422,23.083332061767578,24.3439998626709,191428500
TSLA,2018-06-20,24.148000717163086,24.148000717163086,24.29199981689453,23.46666717529297,23.869333267211914,125755500
TSLA,2018-06-21,23.167333602905273,23.167333602905273,24.413999557495117,23.084667205810547,24.133333206176758,119506500
TSLA,2018-06-22,22.242000579833984,22.242000579833984,23.483333587646484,22.133333206176758,23.43600082397461,153991500
TSLA,2018-06-25,22.200666427612305,22.200666427612305,22.564666748046875,21.833332061767578,22.007999420166016,103969500
TSLA,2018-06-26,22.799999237060547,22.799999237060547,22.90333366394043,21.719999313354492,22.40333366394043,111787500
TSLA,2018-06-27,22.96666717529297,22.96666717529297,23.38599967956543,22.633333206176758,23.0,125005500
TSLA,2018-06-28,23.32866668701172,23.32866668701172,23.801332473754883,23.073999404907227,23.243999481201172,125970000
TSLA,2018-06-29,22.863332748413086,22.863332748413086,23.590667724609375,22.827333450317383,23.55533218383789,97386000
TSLA,2018-07-02,22.33799934387207,22.33799934387207,24.318666458129883,21.989999771118164,24.004667282104492,281397000
TSLA,2018-07-03,20.724000930786133,20.724000930786133,22.166000366210938,20.645999908447266,22.116666793823242,184239000
TSLA,2018-07-05,20.610666275024414,20.610666275024414,20.959333419799805,19.74799919128418,20.917333602905273,262146000
TSLA,2018-07-06,20.593332290649414,20.593332290649414,20.80466651916504,20.133333206176758,20.329999923706055,132982500
TSLA,2018-07-09,21.233999252319336,21.233999252319336,21.23466682434082,20.53333282470703,20.799333572387695,113952000
TSLA,2018-07-10,21.49799919128418,21.49799919128418,21.845333099365234,21.280000686645508,21.637332916259766,142072500
TSLA,2018-07-11,21.263999938964844,21.263999938964844,21.46266746520996,21.004667282104492,21.053333282470703,73261500
TSLA,2018-07-12,21.11400032043457,21.11400032043457,21.548667907714844,20.851333618164062,21.428667068481445,85818000
TSLA,2018-07-13,21.257999420166016,21.257999420166016,21.30533218383789,20.616666793823242,21.038667678833008,88047000
TSLA,2018-07-16,20.67333221435547,20.67333221435547,21.01066780090332,20.416667938232422,20.78066635131836,117280500
TSLA,2018-07-17,21.512666702270508,21.512666702270508,21.64933204650879,20.566667556762695,20.58733367919922,104943000
TSLA,2018-07-18,21.59000015258789,21.59000015258789,21.700000762939453,21.083332061767578,21.666667938232422,84363000
TSLA,2018-07-19,21.34866714477539,21.34866714477539,21.569332122802734,20.93400001525879,21.088666915893555,88729500
TSLA,2018-07-20,20.905332565307617,20.905332565307617,21.549333572387695,20.78066635131836,21.415332794189453,77433000
TSLA,2018-07-23,20.213333129882812,20.213333129882812,20.366666793823242,19.52400016784668,20.12266731262207,164893500
TSLA,2018-07-24,19.82866668701172,19.82866668701172,20.514667510986328,19.503332138061523,20.294666290283203,143862000
TSLA,2018-07-25,20.582666397094727,20.582666397094727,20.641332626342773,19.633333206176758,19.78266716003418,106131000
TSLA,2018-07-26,20.44333267211914,20.44333267211914,20.713333129882812,20.242666244506836,20.323333740234375,69457500
TSLA,2018-07-27,19.812000274658203,19.812000274658203,20.512666702270508,19.689332962036133,20.483333587646484,85549500
TSLA,2018-07-30,19.344667434692383,19.344667434692383,19.739999771118164,19.075332641601562,19.726667404174805,102211500
TSLA,2018-07-31,19.875999450683594,19.875999450683594,19.88800048828125,19.271333694458008,19.483333587646484,76153500
TSLA,2018-08-01,20.055999755859375,20.055999755859375,20.200000762939453,19.53333282470703,19.865999221801758,151941000
TSLA,2018-08-02,23.30266761779785,23.30266761779785,23.332666397094727,21.54400062561035,21.895999908447266,348225000
TSLA,2018-08-03,23.211332321166992,23.211332321166992,23.666667938232422,22.8353328704834,23.187332153320312,204847500
TSLA,2018-08-06,22.799333572387695,22.799333572387695,23.665332794189453,22.788000106811523,23.03066635131836,128464500
TSLA,2018-08-07,25.30466651916504,25.30466651916504,25.83066749572754,22.610000610351562,22.922666549682617,463137000
TSLA,2018-08-08,24.689332962036133,24.689332962036133,25.50933265686035,24.474666595458984,24.606000900268555,368568000
TSLA,2018-08-09,23.496667861938477,23.496667861938477,24.46733283996582,23.048667907714844,24.3700008392334,257757000
TSLA,2018-08-10,23.69933319091797,23.69933319091797,24.0,23.066667556762695,23.600000381469727,173280000
TSLA,2018-08-13,23.76066780090332,23.76066780090332,24.21266746520996,23.26799964904785,24.075332641601562,156958500
TSLA,2018-08-14,23.176000595092773,23.176000595092773,23.946666717529297,23.139999389648438,23.89666748046875,104796000
TSLA,2018-08-15,22.57933235168457,22.57933235168457,22.965999603271484,22.142667770385742,22.79400062561035,136519500
TSLA,2018-08-16,22.363332748413086,22.363332748413086,22.818666458129883,22.254667282104492,22.660667419433594,90960000
TSLA,2018-08-17,20.366666793823242,20.366666793823242,21.784666061401367,20.235332489013672,21.566667556762695,284379000
TSLA,2018-08-20,20.562667846679688,20.562667846679688,20.566667556762695,19.213333129882812,19.446666717529297,261034500
TSLA,2018-08-21,21.459999084472656,21.459999084472656,21.652666091918945,20.600000381469727,20.707332611083984,197583000
TSLA,2018-08-22,21.44266700744629,21.44266700744629,21.591999053955078,20.97800064086914,21.391332626342773,89190000
TSLA,2018-08-23,21.34000015258789,21.34000015258789,21.821332931518555,21.206666946411133,21.275999069213867,77209500
TSLA,2018-08-24,21.521333694458008,21.521333694458008,21.59000015258789,21.293333053588867,21.3799991607666,54039000
TSLA,2018-08-27,21.284666061401367,21.284666061401367,21.496000289916992,20.58733367919922,21.200000762939453,196189500
TSLA,2018-08-28,20.790666580200195,20.790666580200195,21.2586669921875,20.746000289916992,21.227333068847656,114736500
TSLA,2018-08-29,20.333999633789062,20.333999633789062,20.790000915527344,20.246000289916992,20.684667587280273,111711000
TSLA,2018-08-30,20.209999084472656,20.209999084472656,20.30666732788086,19.847999572753906,20.150667190551758,108250500
TSLA,2018-08-31,20.110666275024414,20.110666275024414,20.354000091552734,19.906667709350586,20.133333206176758,80626500
TSLA,2018-09-04,19.26333236694336,19.26333236694336,19.87933349609375,19.200000762939453,19.79599952697754,125257500
TSLA,2018-09-05,18.715999603271484,18.715999603271484,19.118667602539062,18.478666305541992,19.003332138061523,115812000
TSLA,2018-09-06,18.729999542236328,18.729999542236328,19.411333084106445,18.591999053955078,18.98666763305664,112212000
TSLA,2018-09-07,17.549333572387695,17.549333572387695,17.889999389648438,16.816667556762695,17.34000015258789,337378500
TSLA,2018-09-10,19.03333282470703,19.03333282470703,19.068666458129883,18.066667556762695,18.21733283996582,214252500
TSLA,2018-09-11,18.62933349609375,18.62933349609375,18.799999237060547,18.23666763305664,18.631332397460938,137550000
TSLA,2018-09-12,19.369333267211914,19.369333267211914,19.5,18.57666778564453,18.762666702270508,150231000
TSLA,2018-09-13,19.297332763671875,19.297332763671875,19.666667938232422,19.011999130249023,19.201332092285156,95104500
TSLA,2018-09-14,19.68000030517578,19.68000030517578,19.82200050354004,19.101333618164062,19.250667572021484,101484000
TSLA,2018-09-17,19.6560001373291,19.6560001373291,20.058000564575195,19.208667755126953,19.336000442504883,103314000
TSLA,2018-09-18,18.997333526611328,18.997333526611328,20.176000595092773,18.366666793823242,19.779333114624023,248212500
TSLA,2018-09-19,19.934667587280273,19.934667587280273,20.0,18.700000762939453,18.700666427612305,124423500
TSLA,2018-09-20,19.8886661529541,19.8886661529541,20.398666381835938,19.55533218383789,20.237333297729492,110241000
TSLA,2018-09-21,19.940000534057617,19.940000534057617,20.038667678833008,19.691333770751953,19.84666633605957,75757500
TSLA,2018-09-24,19.978666305541992,19.978666305541992,20.200000762939453,19.57200050354004,19.898666381835938,72645000
TSLA,2018-09-25,20.06599998474121,20.06599998474121,20.30666732788086,19.766666412353516,20.0,67225500
TSLA,2018-09-26,20.6386661529541,20.6386661529541,20.926000595092773,20.073999404907227,20.12733268737793,117648000
TSLA,2018-09-27,20.501333236694336,20.501333236694336,20.997333526611328,20.46066665649414,20.860000610351562,127636500
TSLA,2018-09-28,17.65133285522461,17.65133285522461,18.53333282470703,17.37066650390625,18.017332077026367,504745500
TSLA,2018-10-01,20.713333129882812,20.713333129882812,20.762666702270508,20.06999969482422,20.384666442871094,326664000
TSLA,2018-10-02,20.06800079345703,20.06800079345703,21.12266731262207,19.94333267211914,20.93000030517578,176152500
TSLA,2018-10-03,19.65333366394043,19.65333366394043,20.30666732788086,19.437999725341797,20.222000122070312,119925000
TSLA,2018-10-04,18.788667678833008,18.788667678833008,19.600000381469727,18.511333465576172,19.59666633605957,147213000
TSLA,2018-10-05,17.463333129882812,17.463333129882812,18.325332641601562,17.333332061767578,18.309999465942383,269167500
TSLA,2018-10-08,16.70400047302246,16.70400047302246,17.85066795349121,16.600000381469727,17.634666442871094,202090500
TSLA,2018-10-09,17.520000457763672,17.520000457763672,17.784666061401367,16.886667251586914,17.016666412353516,180909000
TSLA,2018-10-10,17.125333786010742,17.125333786010742,17.700666427612305,16.51799964904785,17.640666961669922,192229500
TSLA,2018-10-11,16.815332412719727,16.815332412719727,17.483333587646484,16.601999282836914,17.16866683959961,122515500
TSLA,2018-10-12,17.25200080871582,17.25200080871582,17.465999603271484,16.80066680908203,17.399999618530273,108021000
TSLA,2018-10-15,17.305999755859375,17.305999755859375,17.552000045776367,16.96933364868164,17.270666122436523,93000000
TSLA,2018-10-16,18.439332962036133,18.439332962036133,18.492000579833984,17.482667922973633,17.713333129882812,142896000
TSLA,2018-10-17,18.118667602539062,18.118667602539062,18.84666633605957,17.719999313354492,18.82666778564453,129832500
TSLA,2018-10-18,17.5939998626709,17.5939998626709,18.066667556762695,17.53333282470703,17.952667236328125,81318000
TSLA,2018-10-19,17.333332061767578,17.333332061767578,17.977333068847656,16.899999618530273,17.826000213623047,140632500
TSLA,2018-10-22,17.39666748046875,17.39666748046875,17.457332611083984,16.839332580566406,17.3786678314209,84004500
TSLA,2018-10-23,19.609333038330078,19.609333038330078,19.86199951171875,17.47333335876465,17.591333389282227,285417000
TSLA,2018-10-24,19.233333587646484,19.233333587646484,20.29599952697754,19.048667907714844,20.06999969482422,300874500
TSLA,2018-10-25,20.99066734313965,20.99066734313965,21.399999618530273,20.067333221435547,21.148000717163086,312610500
TSLA,2018-10-26,22.059999465942383,22.059999465942383,22.65999984741211,20.44333267211914,20.549999237060547,411382500
TSLA,2018-10-29,22.323333740234375,22.323333740234375,23.143999099731445,21.766666412353516,22.49799919128418,217290000
TSLA,2018-10-30,21.99333381652832,21.99333381652832,22.52666664123535,21.483999252319336,21.892667770385742,136900500
TSLA,2018-10-31,22.488000869750977,22.488000869750977,22.799999237060547,21.940000534057617,22.16933250427246,114364500
TSLA,2018-11-01,22.95199966430664,22.95199966430664,23.189332962036133,22.315332412719727,22.55066680908203,120001500
TSLA,2018-11-02,23.0939998626709,23.0939998626709,23.280000686645508,22.727333068847656,22.916000366210938,117120000
TSLA,2018-11-05,22.760000228881836,22.760000228881836,22.930667877197266,22.00933265686035,22.700000762939453,117465000
TSLA,2018-11-06,22.737333297729492,22.737333297729492,23.253332138061523,22.4060001373291,22.60466766357422,101443500
TSLA,2018-11-07,23.21066665649414,23.21066665649414,23.41200065612793,22.719999313354492,22.889333724975586,110617500
TSLA,2018-11-08,23.426666259765625,23.426666259765625,23.838666915893555,23.229333877563477,23.233333587646484,106360500
TSLA,2018-11-09,23.367332458496094,23.367332458496094,23.600000381469727,23.01533317565918,23.266666412353516,76482000
TSLA,2018-11-12,22.0853328704834,22.0853328704834,23.318666458129883,22.022666931152344,23.224666595458984,104122500
TSLA,2018-11-13,22.582000732421875,22.582000732421875,22.979999542236328,22.14666748046875,22.21066665649414,81729000
TSLA,2018-11-14,22.933332443237305,22.933332443237305,23.140666961669922,22.476667404174805,22.84666633605957,75604500
TSLA,2018-11-15,23.229333877563477,23.229333877563477,23.238666534423828,22.6026668548584,22.82200050354004,69385500
TSLA,2018-11-16,23.62066650390625,23.62066650390625,23.713333129882812,23.007999420166016,23.012666702270508,108093000
TSLA,2018-11-19,23.564666748046875,23.564666748046875,24.450000762939453,23.525333404541016,23.756000518798828,145633500
TSLA,2018-11-20,23.166000366210938,23.166000366210938,23.31999969482422,22.23666763305664,22.78333282470703,120070500
TSLA,2018-11-21,22.54599952697754,22.54599952697754,23.540000915527344,22.49333381652832,23.46666717529297,70302000
TSLA,2018-11-23,21.722000122070312,21.722000122070312,22.5,21.703332901000977,22.290000915527344,63039000
TSLA,2018-11-26,23.066667556762695,23.066667556762695,23.08133316040039,21.666667938232422,21.666667938232422,119881500
TSLA,2018-11-27,22.92799949645996,22.92799949645996,23.130666732788086,22.366666793823242,22.670000076293945,95374500
TSLA,2018-11-28,23.191333770751953,23.191333770751953,23.218666076660156,22.81399917602539,23.06599998474121,61914000
TSLA,2018-11-29,22.744667053222656,22.744667053222656,23.166667938232422,22.636667251586914,23.133333206176758,46210500
TSLA,2018-11-30,23.365333557128906,23.365333557128906,23.440000534057617,22.55066680908203,22.788667678833008,84436500
TSLA,2018-12-03,23.89933204650879,23.89933204650879,24.399999618530273,23.46666717529297,24.0,124597500
TSLA,2018-12-04,23.979999542236328,23.979999542236328,24.57866668701172,23.46666717529297,23.73666763305664,126928500
TSLA,2018-12-06,24.20400047302246,24.20400047302246,24.492000579833984,23.384000778198242,23.733999252319336,117637500
TSLA,2018-12-07,23.864667892456055,23.864667892456055,25.299333572387695,23.843332290649414,24.600000381469727,172668000
TSLA,2018-12-10,24.343332290649414,24.343332290649414,24.398666381835938,23.541332244873047,24.0,99202500
TSLA,2018-12-11,24.450666427612305,24.450666427612305,24.81133270263672,24.01533317565918,24.660667419433594,94632000
TSLA,2018-12-12,24.440000534057617,24.440000534057617,24.79400062561035,24.3439998626709,24.628000259399414,75405000
TSLA,2018-12-13,25.119333267211914,25.119333267211914,25.16266632080078,24.450000762939453,24.676666259765625,110488500
TSLA,2018-12-14,24.380666732788086,24.380666732788086,25.191333770751953,24.288667678833008,25.0,95064000
TSLA,2018-12-17,23.22800064086914,23.22800064086914,24.3799991607666,22.92533302307129,24.133333206176758,115110000
TSLA,2018-12-18,22.468666076660156,22.468666076660156,23.43666648864746,22.246000289916992,23.369333267211914,106500000
TSLA,2018-12-19,22.197999954223633,22.197999954223633,23.134000778198242,21.982667922973633,22.50666618347168,124113000
TSLA,2018-12-20,21.025333404541016,21.025333404541016,22.019332885742188,20.791332244873047,21.803333282470703,136078500
TSLA,2018-12-21,21.31800079345703,21.31800079345703,21.564666748046875,20.82933235168457,21.15999984741211,120252000
TSLA,2018-12-24,19.69266700744629,19.69266700744629,20.96666717529297,19.68000030517578,20.899999618530273,83398500
TSLA,2018-12-26,21.73933219909668,21.73933219909668,21.79800033569336,19.606000900268555,20.0,122446500
TSLA,2018-12-27,21.075332641601562,21.075332641601562,21.47800064086914,20.100000381469727,21.32266616821289,128626500
TSLA,2018-12-28,22.257999420166016,22.257999420166016,22.416000366210938,21.227333068847656,21.540000915527344,149085000
TSLA,2018-12-31,22.18666648864746,22.18666648864746,22.61400032043457,21.68400001525879,22.519332885742188,94534500
TSLA,2019-01-02,20.674667358398438,20.674667358398438,21.0086669921875,19.920000076293945,20.406667709350586,174879000
TSLA,2019-01-03,20.02400016784668,20.02400016784668,20.626667022705078,19.825332641601562,20.46666717529297,104478000
TSLA,2019-01-04,21.179332733154297,21.179332733154297,21.200000762939453,20.18199920654297,20.399999618530273,110911500
TSLA,2019-01-07,22.33066749572754,22.33066749572754,22.44933319091797,21.183332443237305,21.447999954223633,113268000
TSLA,2019-01-08,22.356666564941406,22.356666564941406,22.93400001525879,21.801332473754883,22.797332763671875,105127500
TSLA,2019-01-09,22.568666458129883,22.568666458129883,22.899999618530273,22.097999572753906,22.366666793823242,81493500
TSLA,2019-01-10,22.99799919128418,22.99799919128418,23.025999069213867,22.119333267211914,22.293333053588867,90846000
TSLA,2019-01-11,23.150667190551758,23.150667190551758,23.227333068847656,22.584667205810547,22.805999755859375,75586500
TSLA,2019-01-14,22.293333053588867,22.293333053588867,22.833332061767578,22.266666412353516,22.825332641601562,78709500
TSLA,2019-01-15,22.961999893188477,22.961999893188477,23.253332138061523,22.299999237060547,22.333332061767578,90849000
TSLA,2019-01-16,23.06999969482422,23.06999969482422,23.46666717529297,22.899999618530273,22.985332489013672,70375500
TSLA,2019-01-17,23.15399932861328,23.15399932861328,23.433332443237305,22.94333267211914,23.08066749572754,55150500
TSLA,2019-01-18,20.150667190551758,20.150667190551758,21.808666229248047,19.98200035095215,21.53333282470703,362262000
TSLA,2019-01-22,19.92799949645996,19.92799949645996,20.53333282470703,19.700000762939453,20.321332931518555,181000500
TSLA,2019-01-23,19.172666549682617,19.172666549682617,19.633333206176758,18.779333114624023,19.5,187950000
TSLA,2019-01-24,19.43400001525879,19.43400001525879,19.57866668701172,18.618667602539062,18.868667602539062,120183000
TSLA,2019-01-25,19.80266761779785,19.80266761779785,19.90133285522461,19.303333282470703,19.625999450683594,108744000
TSLA,2019-01-28,19.7586669921875,19.7586669921875,19.83066749572754,19.183332443237305,19.527332305908203,96349500
TSLA,2019-01-29,19.83066749572754,19.83066749572754,19.90399932861328,19.453332901000977,19.684667587280273,69325500
TSLA,2019-01-30,20.584667205810547,20.584667205810547,20.600000381469727,19.89933204650879,20.030000686645508,168754500
TSLA,2019-01-31,20.468000411987305,20.468000411987305,20.770666122436523,19.600000381469727,20.066667556762695,188538000
TSLA,2019-02-01,20.81399917602539,20.81399917602539,21.073333740234375,20.233333587646484,20.3613338470459,109251000
TSLA,2019-02-04,20.859333038330078,20.859333038330078,21.020000457763672,20.125333786010742,20.865333557128906,110281500
TSLA,2019-02-05,21.42333221435547,21.42333221435547,21.496000289916992,20.816667556762695,20.832666397094727,101142000
TSLA,2019-02-06,21.148000717163086,21.148000717163086,21.615999221801758,21.041332244873047,21.305999755859375,75577500
TSLA,2019-02-07,20.500667572021484,20.500667572021484,20.979999542236328,20.200000762939453,20.886667251586914,97809000
TSLA,2019-02-08,20.386667251586914,20.386667251586914,20.496667861938477,19.899999618530273,20.455333709716797,87663000
TSLA,2019-02-11,20.856000900268555,20.856000900268555,21.239999771118164,20.700000762939453,20.773332595825195,106945500
TSLA,2019-02-12,20.78733253479004,20.78733253479004,21.21266746520996,20.641332626342773,21.079999923706055,82764000
TSLA,2019-02-13,20.544666290283203,20.544666290283203,20.850000381469727,20.3713321685791,20.823333740234375,77124000
TSLA,2019-02-14,20.251333236694336,20.251333236694336,20.451332092285156,20.066667556762695,20.225332260131836,78012000
TSLA,2019-02-15,20.525333404541016,20.525333404541016,20.53333282470703,20.260000228881836,20.299999237060547,58573500
TSLA,2019-02-19,20.375999450683594,20.375999450683594,20.769332885742188,20.364667892456055,20.437332153320312,62526000
TSLA,2019-02-20,20.17066764831543,20.17066764831543,20.420000076293945,19.933332443237305,20.29400062561035,107131500
TSLA,2019-02-21,19.415332794189453,19.415332794189453,20.215999603271484,19.366666793823242,20.12066650390625,133638000
TSLA,2019-02-22,19.6473331451416,19.6473331451416,19.766666412353516,19.47333335876465,19.632667541503906,86109000
TSLA,2019-02-25,19.917999267578125,19.917999267578125,20.19333267211914,19.799999237060547,19.860666275024414,99397500
TSLA,2019-02-26,19.857332229614258,19.857332229614258,20.134000778198242,19.251333236694336,19.481332778930664,128737500
TSLA,2019-02-27,20.982667922973633,20.982667922973633,21.086666107177734,20.036666870117188,20.118667602539062,167758500
TSLA,2019-02-28,21.325332641601562,21.325332641601562,21.333332061767578,20.720666885375977,21.261333465576172,157810500
TSLA,2019-03-01,19.652666091918945,19.652666091918945,20.475332260131836,19.459999084472656,20.46266746520996,343671000
TSLA,2019-03-04,19.02400016784668,19.02400016784668,19.933332443237305,18.851999282836914,19.874666213989258,256452000
TSLA,2019-03-05,18.43600082397461,18.43600082397461,18.933332443237305,18.00666618347168,18.799999237060547,281470500
TSLA,2019-03-06,18.416000366210938,18.416000366210938,18.767332077026367,18.292667388916016,18.43199920654297,155032500
TSLA,2019-03-07,18.439332962036133,18.439332962036133,18.979999542236328,18.28333282470703,18.589332580566406,141637500
TSLA,2019-03-08,18.94266700744629,18.94266700744629,19.03933334350586,18.392667770385742,18.46066665649414,132294000
TSLA,2019-03-11,19.39466667175293,19.39466667175293,19.41866683959961,18.700000762939453,18.90133285522461,110884500
TSLA,2019-03-12,18.890666961669922,18.890666961669922,19.204666137695312,18.737333297729492,19.099332809448242,112561500
TSLA,2019-03-13,19.263999938964844,19.263999938964844,19.465999603271484,18.84666633605957,18.926666259765625,102670500
TSLA,2019-03-14,19.33066749572754,19.33066749572754,19.69266700744629,19.21933364868164,19.496667861938477,106551000
TSLA,2019-03-15,18.36199951171875,18.36199951171875,18.9146671295166,18.293333053588867,18.900667190551758,221782500
TSLA,2019-03-18,17.965999603271484,17.965999603271484,18.536666870117188,17.81999969482422,18.399999618530273,154215000
TSLA,2019-03-19,17.83133316040039,17.83133316040039,18.219999313354492,17.56399917602539,17.833332061767578,177009000
TSLA,2019-03-20,18.239999771118164,18.239999771118164,18.33133316040039,17.753332138061523,17.979333877563477,103623000
TSLA,2019-03-21,18.26799964904785,18.26799964904785,18.43000030517578,17.89666748046875,18.17333221435547,89206500
TSLA,2019-03-22,17.635332107543945,17.635332107543945,18.18666648864746,17.600000381469727,18.172000885009766,131184000
TSLA,2019-03-25,17.3613338470459,17.3613338470459,17.545333862304688,16.964000701904297,17.31399917602539,153225000
TSLA,2019-03-26,17.851333618164062,17.851333618164062,18.017332077026367,17.6286678314209,17.62933349609375,110263500
TSLA,2019-03-27,18.32200050354004,18.32200050354004,18.357999801635742,17.8786678314209,17.916667938232422,131688000
TSLA,2019-03-28,18.57466697692871,18.57466697692871,18.68866729736328,18.34000015258789,18.477333068847656,101611500
TSLA,2019-03-29,18.657333374023438,18.657333374023438,18.67733383178711,18.299999237060547,18.579999923706055,89869500
TSLA,2019-04-01,19.278667449951172,19.278667449951172,19.280000686645508,18.75200080871582,18.841333389282227,121656000
TSLA,2019-04-02,19.058666229248047,19.058666229248047,19.29599952697754,18.92533302307129,19.219999313354492,82183500
TSLA,2019-04-03,19.45400047302246,19.45400047302246,19.744667053222656,19.14466667175293,19.154666900634766,118791000
TSLA,2019-04-04,17.851999282836914,17.851999282836914,18.079999923706055,17.37266731262207,17.459333419799805,355810500
TSLA,2019-04-05,18.33066749572754,18.33066749572754,18.406667709350586,17.74066734313965,17.99066734313965,195574500
TSLA,2019-04-08,18.213333129882812,18.213333129882812,18.743999481201172,18.029333114624023,18.512666702270508,156156000
TSLA,2019-04-09,18.15399932861328,18.15399932861328,18.333332061767578,17.974000930786133,18.110000610351562,88560000
TSLA,2019-04-10,18.40399932861328,18.40399932861328,18.558666229248047,18.19266700744629,18.44933319091797,105919500
TSLA,2019-04-11,17.89466667175293,17.89466667175293,18.03333282470703,17.706666946411133,17.886667251586914,147538500
TSLA,2019-04-12,17.84666633605957,17.84666633605957,18.1299991607666,17.788667678833008,18.014667510986328,101190000
TSLA,2019-04-15,17.7586669921875,17.7586669921875,17.92533302307129,17.242000579833984,17.908666610717773,150579000
TSLA,2019-04-16,18.224000930786133,18.224000930786133,18.333332061767578,17.648000717163086,17.71666717529297,109093500
TSLA,2019-04-17,18.082000732421875,18.082000732421875,18.319332122802734,17.902666091918945,18.316667556762695,76897500
TSLA,2019-04-18,18.21733283996582,18.21733283996582,18.32266616821289,17.983333587646484,18.082000732421875,88144500
TSLA,2019-04-22,17.516666412353516,17.516666412353516,17.978666305541992,17.498666763305664,17.933332443237305,182206500
TSLA,2019-04-23,17.593332290649414,17.593332290649414,17.706666946411133,17.049999237060547,17.343332290649414,164158500
TSLA,2019-04-24,17.243999481201172,17.243999481201172,17.687999725341797,17.200000762939453,17.59000015258789,160912500
TSLA,2019-04-25,16.5086669921875,16.5086669921875,17.266666412353516,16.404666900634766,17.0,327741000
TSLA,2019-04-26,15.675999641418457,15.675999641418457,16.44533348083496,15.408666610717773,16.433332443237305,335410500
TSLA,2019-04-29,16.097999572753906,16.097999572753906,16.26533317565918,15.477999687194824,15.723999977111816,250717500
TSLA,2019-04-30,15.912667274475098,15.912667274475098,16.28066635131836,15.800000190734863,16.137332916259766,141969000
TSLA,2019-05-01,15.600666999816895,15.600666999816895,16.0,15.433333396911621,15.923333168029785,160566000
TSLA,2019-05-02,16.273332595825195,16.273332595825195,16.475332260131836,15.847999572753906,16.368000030517578,272389500
TSLA,2019-05-03,17.00200080871582,17.00200080871582,17.107332229614258,16.232667922973633,16.257333755493164,355602000
TSLA,2019-05-06,17.022666931152344,17.022666931152344,17.22333335876465,16.566667556762695,16.667999267578125,162508500
TSLA,2019-05-07,16.470666885375977,16.470666885375977,17.1473331451416,16.34000015258789,17.1200008392334,151971000
TSLA,2019-05-08,16.32266616821289,16.32266616821289,16.706666946411133,16.280000686645508,16.46266746520996,92646000
TSLA,2019-05-09,16.131999969482422,16.131999969482422,16.245332717895508,15.795999526977539,16.133333206176758,100671000
TSLA,2019-05-10,15.968000411987305,15.968000411987305,16.132667541503906,15.73466682434082,15.983332633972168,105124500
TSLA,2019-05-13,15.133999824523926,15.133999824523926,15.498000144958496,14.966667175292969,15.46733283996582,162522000
TSLA,2019-05-14,15.487333297729492,15.487333297729492,15.633333206176758,15.199999809265137,15.286666870117188,108786000
TSLA,2019-05-15,15.463333129882812,15.463333129882812,15.496000289916992,15.016667366027832,15.288000106811523,109440000
TSLA,2019-05-16,15.222000122070312,15.222000122070312,15.399999618530273,15.100000381469727,15.299332618713379,112249500
TSLA,2019-05-17,14.0686674118042,14.0686674118042,14.815999984741211,13.928000450134277,14.797332763671875,266800500
TSLA,2019-05-20,13.690667152404785,13.690667152404785,13.733332633972168,13.016667366027832,13.520000457763672,307893000
TSLA,2019-05-21,13.67199993133545,13.67199993133545,13.826666831970215,13.06933307647705,13.184000015258789,270058500
TSLA,2019-05-22,12.84866714477539,12.84866714477539,13.595999717712402,12.785332679748535,13.273332595825195,280278000
TSLA,2019-05-23,13.03266716003418,13.03266716003418,13.29800033569336,12.414667129516602,12.956000328063965,398206500
TSLA,2019-05-24,12.708666801452637,12.708666801452637,13.331999778747559,12.583333015441895,13.321999549865723,212049000
TSLA,2019-05-28,12.579999923706055,12.579999923706055,13.0,12.523332595825195,12.74666690826416,154693500
TSLA,2019-05-29,12.657333374023438,12.657333374023438,12.826000213623047,12.336000442504883,12.473333358764648,179529000
TSLA,2019-05-30,12.54800033569336,12.54800033569336,12.817333221435547,12.468000411987305,12.583333015441895,118897500
TSLA,2019-05-31,12.343999862670898,12.343999862670898,12.661333084106445,12.273332595825195,12.34000015258789,156100500
TSLA,2019-06-03,11.9313325881958,11.9313325881958,12.445332527160645,11.799332618713379,12.36733341217041,195966000
TSLA,2019-06-04,12.90666675567627,12.90666675567627,12.932000160217285,11.973999977111816,12.073332786560059,207112500
TSLA,2019-06-05,13.105999946594238,13.105999946594238,13.41866683959961,12.789999961853027,13.245332717895508,202662000
TSLA,2019-06-06,13.729999542236328,13.729999542236328,14.066666603088379,13.453332901000977,13.629332542419434,303633000
TSLA,2019-06-07,13.633333206176758,13.633333206176758,14.055999755859375,13.566666603088379,13.666666984558105,240052500
TSLA,2019-06-10,14.192000389099121,14.192000389099121,14.462667465209961,13.934000015258789,14.016667366027832,158775000
TSLA,2019-06-11,14.473333358764648,14.473333358764648,14.726667404174805,14.233332633972168,14.609333038330078,174802500
TSLA,2019-06-12,13.950667381286621,13.950667381286621,14.892000198364258,13.933333396911621,14.863332748413086,227962500
TSLA,2019-06-13,14.260666847229004,14.260666847229004,14.326666831970215,13.833999633789062,14.025333404541016,122524500
TSLA,2019-06-14,14.32800006866455,14.32800006866455,14.44333267211914,14.026666641235352,14.083333015441895,111501000
TSLA,2019-06-17,15.001999855041504,15.001999855041504,15.133333206176758,14.284667015075684,14.36533260345459,184752000
TSLA,2019-06-18,14.982666969299316,14.982666969299316,15.649333000183105,14.837332725524902,15.248000144958496,190737000
TSLA,2019-06-19,15.095333099365234,15.095333099365234,15.184666633605957,14.737333297729492,15.007332801818848,98626500
TSLA,2019-06-20,14.641332626342773,14.641332626342773,15.126667022705078,14.423333168029785,14.866666793823242,177952500
TSLA,2019-06-21,14.790666580200195,14.790666580200195,14.812000274658203,14.366666793823242,14.414667129516602,123031500
TSLA,2019-06-24,14.909333229064941,14.909333229064941,15.057332992553711,14.73466682434082,14.88266658782959,86262000
TSLA,2019-06-25,14.650667190551758,14.650667190551758,15.022666931152344,14.63266658782959,14.959333419799805,92731500
TSLA,2019-06-26,14.618000030517578,14.618000030517578,15.148667335510254,14.539999961853027,14.687333106994629,127608000
TSLA,2019-06-27,14.855999946594238,14.855999946594238,14.859999656677246,14.489999771118164,14.630000114440918,95095500
TSLA,2019-06-28,14.897333145141602,14.897333145141602,15.011333465576172,14.720000267028809,14.732666969299316,102771000
TSLA,2019-07-01,15.14466667175293,15.14466667175293,15.539999961853027,15.085332870483398,15.347332954406738,123201000
TSLA,2019-07-02,14.970000267028809,14.970000267028809,15.276666641235352,14.814666748046875,15.259332656860352,138885000
TSLA,2019-07-03,15.65999984741211,15.65999984741211,16.10466766357422,15.633999824523926,15.959333419799805,213016500
TSLA,2019-07-05,15.539999961853027,15.539999961853027,15.696666717529297,15.386667251586914,15.637999534606934,105985500
TSLA,2019-07-08,15.355999946594238,15.355999946594238,15.483332633972168,15.244000434875488,15.416000366210938,88207500
TSLA,2019-07-09,15.337332725524902,15.337332725524902,15.399999618530273,15.152000427246094,15.264666557312012,92862000
TSLA,2019-07-10,15.928000450134277,15.928000450134277,15.929332733154297,15.542667388916016,15.609999656677246,137185500
TSLA,2019-07-11,15.90666675567627,15.90666675567627,16.100000381469727,15.720000267028809,15.87600040435791,112716000
TSLA,2019-07-12,16.338666915893555,16.338666915893555,16.358667373657227,15.980667114257812,15.983332633972168,138007500
TSLA,2019-07-15,16.899999618530273,16.899999618530273,16.961332321166992,16.323999404907227,16.53333282470703,165001500
TSLA,2019-07-16,16.825332641601562,16.825332641601562,16.902000427246094,16.528667449951172,16.6200008392334,122235000
TSLA,2019-07-17,16.99066734313965,16.99066734313965,17.220666885375977,16.889999389648438,17.044666290283203,146470500
TSLA,2019-07-18,16.902666091918945,16.902666091918945,17.049999237060547,16.792667388916016,17.003332138061523,71379000
TSLA,2019-07-19,17.211999893188477,17.211999893188477,17.33066749572754,16.974666595458984,17.04599952697754,105726000
TSLA,2019-07-22,17.045333862304688,17.045333862304688,17.476667404174805,16.945999145507812,17.25,102636000
TSLA,2019-07-23,17.344667434692383,17.344667434692383,17.365333557128906,16.96666717529297,17.11400032043457,75346500
TSLA,2019-07-24,17.658666610717773,17.658666610717773,17.738000869750977,17.21066665649414,17.277999877929688,166092000
TSLA,2019-07-25,15.254667282104492,15.254667282104492,15.633333206176758,15.036666870117188,15.566666603088379,336274500
TSLA,2019-07-26,15.202667236328125,15.202667236328125,15.350666999816895,14.816666603088379,15.128000259399414,150415500
TSLA,2019-07-29,15.718000411987305,15.718000411987305,15.72933292388916,15.0686674118042,15.13933277130127,139099500
TSLA,2019-07-30,16.150667190551758,16.150667190551758,16.224000930786133,15.478667259216309,15.526666641235352,121635000
TSLA,2019-07-31,16.107332229614258,16.107332229614258,16.44533348083496,15.776666641235352,16.200000762939453,137673000
TSLA,2019-08-01,15.59000015258789,15.59000015258789,16.30066680908203,15.451333045959473,16.176666259765625,123892500
TSLA,2019-08-02,15.62266731262207,15.62266731262207,15.751333236694336,15.281999588012695,15.423333168029785,92047500
TSLA,2019-08-05,15.221332550048828,15.221332550048828,15.424667358398438,15.052000045776367,15.30666732788086,105424500
TSLA,2019-08-06,15.383333206176758,15.383333206176758,15.5,15.050000190734863,15.458666801452637,83463000
TSLA,2019-08-07,15.561332702636719,15.561332702636719,15.571332931518555,15.053333282470703,15.100000381469727,71647500
TSLA,2019-08-08,15.886667251586914,15.886667251586914,15.986666679382324,15.510000228881836,15.630000114440918,79114500
TSLA,2019-08-09,15.667332649230957,15.667332649230957,15.93066692352295,15.587332725524902,15.736666679382324,58473000
TSLA,2019-08-12,15.267333030700684,15.267333030700684,15.718000411987305,15.25,15.53266716003418,69958500
TSLA,2019-08-13,15.666666984558105,15.666666984558105,15.733332633972168,15.170000076293945,15.253999710083008,72721500
TSLA,2019-08-14,14.641332626342773,14.641332626342773,15.433333396911621,14.446000099182129,15.413999557495117,143439000
TSLA,2019-08-15,14.37600040435791,14.37600040435791,14.77066707611084,14.103333473205566,14.723999977111816,122394000
TSLA,2019-08-16,14.662667274475098,14.662667274475098,14.815999984741211,14.40133285522461,14.444000244140625,76477500
TSLA,2019-08-19,15.121999740600586,15.121999740600586,15.188667297363281,14.779999732971191,14.947333335876465,79644000
TSLA,2019-08-20,15.057332992553711,15.057332992553711,15.272666931152344,14.969332695007324,15.174667358398438,61878000
TSLA,2019-08-21,14.722000122070312,14.722000122070312,14.881333351135254,14.506667137145996,14.800666809082031,116914500
TSLA,2019-08-22,14.8100004196167,14.8100004196167,15.026666641235352,14.54800033569336,14.853333473205566,98385000
TSLA,2019-08-23,14.09333324432373,14.09333324432373,14.744667053222656,14.066666603088379,14.664667129516602,128079000
TSLA,2019-08-26,14.333333015441895,14.333333015441895,14.334667205810547,14.102666854858398,14.239999771118164,75778500
TSLA,2019-08-27,14.272000312805176,14.272000312805176,14.58666706085205,14.135333061218262,14.38266658782959,81243000
TSLA,2019-08-28,14.37266731262207,14.37266731262207,14.483332633972168,14.154000282287598,14.246000289916992,48382500
TSLA,2019-08-29,14.780667304992676,14.780667304992676,14.893333435058594,14.533332824707031,14.600000381469727,77692500
TSLA,2019-08-30,15.040666580200195,15.040666580200195,15.496000289916992,14.947333335876465,15.276666641235352,139809000
TSLA,2019-09-03,15.000666618347168,15.000666618347168,15.263333320617676,14.87733268737793,14.938667297363281,80311500
TSLA,2019-09-04,14.711999893188477,14.711999893188477,15.230667114257812,14.61400032043457,15.12600040435791,86415000
TSLA,2019-09-05,15.305333137512207,15.305333137512207,15.319999694824219,14.723333358764648,14.833333015441895,110929500
TSLA,2019-09-06,15.16333293914795,15.16333293914795,15.309332847595215,15.011333465576172,15.146666526794434,62841000
TSLA,2019-09-09,15.452667236328125,15.452667236328125,15.583999633789062,15.281999588012695,15.333333015441895,72040500
TSLA,2019-09-10,15.702667236328125,15.702667236328125,15.702667236328125,15.262666702270508,15.386667251586914,73255500
TSLA,2019-09-11,16.47333335876465,16.47333335876465,16.544666290283203,15.733332633972168,15.825332641601562,150642000
TSLA,2019-09-12,16.391332626342773,16.391332626342773,16.899999618530273,16.293333053588867,16.51333236694336,128718000
TSLA,2019-09-13,16.34666633605957,16.34666633605957,16.56333351135254,16.32466697692871,16.464000701904297,79696500
TSLA,2019-09-16,16.187332153320312,16.187332153320312,16.495332717895508,16.077999114990234,16.399999618530273,70921500
TSLA,2019-09-17,16.319332122802734,16.319332122802734,16.373332977294922,16.024667739868164,16.1646671295166,57981000
TSLA,2019-09-18,16.232667922973633,16.232667922973633,16.544666290283203,16.158000946044922,16.333332061767578,62553000
TSLA,2019-09-19,16.440000534057617,16.440000534057617,16.529333114624023,16.32266616821289,16.399999618530273,71937000
TSLA,2019-09-20,16.041332244873047,16.041332244873047,16.463333129882812,15.87733268737793,16.432666778564453,95295000
TSLA,2019-09-23,16.082000732421875,16.082000732421875,16.345333099365234,15.947999954223633,16.0,65103000
TSLA,2019-09-24,14.880666732788086,14.880666732788086,16.132667541503906,14.840666770935059,16.101333618164062,193372500
TSLA,2019-09-25,15.24666690826416,15.24666690826416,15.26533317565918,14.557332992553711,14.970666885375977,141406500
TSLA,2019-09-26,16.17066764831543,16.17066764831543,16.220666885375977,15.15999984741211,15.37733268737793,178267500
TSLA,2019-09-27,16.142000198364258,16.142000198364258,16.58066749572754,15.915332794189453,16.14666748046875,166746000
TSLA,2019-09-30,16.058000564575195,16.058000564575195,16.26533317565918,15.740667343139648,16.200000762939453,88197000
TSLA,2019-10-01,16.312667846679688,16.312667846679688,16.39666748046875,15.942000389099121,16.100000381469727,92439000
TSLA,2019-10-02,16.208667755126953,16.208667755126953,16.309999465942383,15.961999893188477,16.21933364868164,84471000
TSLA,2019-10-03,15.535332679748535,15.535332679748535,15.631999969482422,14.95199966430664,15.457332611083984,226267500
TSLA,2019-10-04,15.428667068481445,15.428667068481445,15.652000427246094,15.204667091369629,15.440667152404785,119925000
TSLA,2019-10-07,15.847999572753906,15.847999572753906,15.904000282287598,15.236666679382324,15.319999694824219,120963000
TSLA,2019-10-08,16.003332138061523,16.003332138061523,16.262666702270508,15.633333206176758,15.724666595458984,130173000
TSLA,2019-10-09,16.302000045776367,16.302000045776367,16.48666763305664,16.043333053588867,16.08799934387207,103416000
TSLA,2019-10-10,16.31599998474121,16.31599998474121,16.618667602539062,16.10533332824707,16.351999282836914,94249500
TSLA,2019-10-11,16.525999069213867,16.525999069213867,16.738666534423828,16.45400047302246,16.476667404174805,127131000
TSLA,2019-10-14,17.130666732788086,17.130666732788086,17.23666763305664,16.475332260131836,16.52666664123535,153075000
TSLA,2019-10-15,17.19266700744629,17.19266700744629,17.333332061767578,16.941333770751953,17.18000030517578,96492000
TSLA,2019-10-16,17.316667556762695,17.316667556762695,17.47333335876465,17.128000259399414,17.159332275390625,100261500
TSLA,2019-10-17,17.46466636657715,17.46466636657715,17.652000427246094,17.344667434692383,17.5,71539500
TSLA,2019-10-18,17.1299991607666,17.1299991607666,17.520000457763672,17.00666618347168,17.3799991607666,86247000
TSLA,2019-10-21,16.899999618530273,16.899999618530273,17.299999237060547,16.678667068481445,17.222000122070312,75304500
TSLA,2019-10-22,17.038667678833008,17.038667678833008,17.222000122070312,16.72333335876465,16.954666137695312,69012000
TSLA,2019-10-23,16.978666305541992,16.978666305541992,17.076000213623047,16.75666618347168,16.96666717529297,78916500
TSLA,2019-10-24,19.978666305541992,19.978666305541992,20.32866668701172,19.280000686645508,19.891332626342773,445813500
TSLA,2019-10-25,21.875333786010742,21.875333786010742,22.0,19.74066734313965,19.847999572753906,450091500
TSLA,2019-10-28,21.847333908081055,21.847333908081055,22.722667694091797,21.50666618347168,21.836000442504883,283054500
TSLA,2019-10-29,21.08133316040039,21.08133316040039,21.6200008392334,20.983333587646484,21.332666397094727,190264500
TSLA,2019-10-30,21.000667572021484,21.000667572021484,21.252666473388672,20.6646671295166,20.866666793823242,144627000
TSLA,2019-10-31,20.994667053222656,20.994667053222656,21.266666412353516,20.866666793823242,20.873332977294922,76005000
TSLA,2019-11-01,20.887332916259766,20.887332916259766,21.09866714477539,20.65333366394043,21.08799934387207,95758500
TSLA,2019-11-04,21.1646671295166,21.1646671295166,21.46266746520996,20.617332458496094,20.98666763305664,131805000
TSLA,2019-11-05,21.148000717163086,21.148000717163086,21.567333221435547,21.07466697692871,21.308000564575195,104151000
TSLA,2019-11-06,21.77199935913086,21.77199935913086,21.781333923339844,20.96666717529297,21.200000762939453,119113500
TSLA,2019-11-07,22.369333267211914,22.369333267211914,22.766666412353516,21.868000030517578,21.94266700744629,217009500
TSLA,2019-11-08,22.47599983215332,22.47599983215332,22.497333526611328,22.166667938232422,22.299999237060547,91038000
TSLA,2019-11-11,23.006000518798828,23.006000518798828,23.279333114624023,22.799999237060547,22.93000030517578,149800500
TSLA,2019-11-12,23.32866668701172,23.32866668701172,23.357999801635742,22.93600082397461,23.126667022705078,110391000
TSLA,2019-11-13,23.073999404907227,23.073999404907227,23.755332946777344,23.011999130249023,23.666667938232422,126301500
TSLA,2019-11-14,23.290000915527344,23.290000915527344,23.589332580566406,22.860666275024414,23.073999404907227,96973500
TSLA,2019-11-15,23.47800064086914,23.47800064086914,23.520000457763672,23.224000930786133,23.375999450683594,72135000
TSLA,2019-11-18,23.332666397094727,23.332666397094727,23.543333053588867,23.073333740234375,23.527999877929688,66006000
TSLA,2019-11-19,23.968000411987305,23.968000411987305,23.999332427978516,23.18666648864746,23.450000762939453,115872000
TSLA,2019-11-20,23.481332778930664,23.481332778930664,24.079999923706055,23.30466651916504,24.0,100876500
TSLA,2019-11-21,23.655332565307617,23.655332565307617,24.055999755859375,23.600000381469727,23.634000778198242,91650000
TSLA,2019-11-22,22.202667236328125,22.202667236328125,22.733333587646484,22.0,22.67733383178711,253059000
TSLA,2019-11-25,22.422666549682617,22.422666549682617,22.971332550048828,22.297332763671875,22.954666137695312,185092500
TSLA,2019-11-26,21.92799949645996,21.92799949645996,22.366666793823242,21.80666732788086,22.351333618164062,119211000
TSLA,2019-11-27,22.086000442504883,22.086000442504883,22.261999130249023,21.904666900634766,22.07466697692871,83334000
TSLA,2019-11-29,21.996000289916992,21.996000289916992,22.083999633789062,21.833332061767578,22.073999404907227,36984000
TSLA,2019-12-02,22.32466697692871,22.32466697692871,22.42533302307129,21.91266632080078,21.959999084472656,91117500
TSLA,2019-12-03,22.413333892822266,22.413333892822266,22.527332305908203,22.145999908447266,22.174667358398438,98605500
TSLA,2019-12-04,22.20199966430664,22.20199966430664,22.52400016784668,22.190000534057617,22.516666412353516,82995000
TSLA,2019-12-05,22.024667739868164,22.024667739868164,22.294666290283203,21.816667556762695,22.18866729736328,55869000
TSLA,2019-12-06,22.392667770385742,22.392667770385742,22.590667724609375,22.31800079345703,22.333332061767578,114186000
TSLA,2019-12-09,22.635332107543945,22.635332107543945,22.963333129882812,22.338666915893555,22.439332962036133,135346500
TSLA,2019-12-10,23.256000518798828,23.256000518798828,23.381999969482422,22.62066650390625,22.663999557495117,132424500
TSLA,2019-12-11,23.51333236694336,23.51333236694336,23.812667846679688,23.4060001373291,23.458667755126953,103467000
TSLA,2019-12-12,23.978666305541992,23.978666305541992,24.182666778564453,23.548667907714844,23.661333084106445,116458500
TSLA,2019-12-13,23.892667770385742,23.892667770385742,24.347333908081055,23.642667770385742,24.06999969482422,98563500
TSLA,2019-12-16,25.433332443237305,25.433332443237305,25.573999404907227,24.166667938232422,24.170000076293945,272613000
TSLA,2019-12-17,25.266000747680664,25.266000747680664,25.700000762939453,25.059999465942383,25.266000747680664,127452000
TSLA,2019-12-18,26.209999084472656,26.209999084472656,26.347999572753906,25.371999740600586,25.375333786010742,211815000
TSLA,2019-12-19,26.93600082397461,26.93600082397461,27.123332977294922,26.433332443237305,26.488000869750977,271606500
TSLA,2019-12-20,27.03933334350586,27.03933334350586,27.53333282470703,26.679332733154297,27.3526668548584,221290500
TSLA,2019-12-23,27.947999954223633,27.947999954223633,28.134000778198242,27.333332061767578,27.45199966430664,199794000
TSLA,2019-12-24,28.350000381469727,28.350000381469727,28.364667892456055,27.512666702270508,27.890666961669922,120820500
TSLA,2019-12-26,28.729333877563477,28.729333877563477,28.898666381835938,28.42333221435547,28.527332305908203,159508500
TSLA,2019-12-27,28.691999435424805,28.691999435424805,29.020666122436523,28.407333374023438,29.0,149185500
TSLA,2019-12-30,27.64666748046875,27.64666748046875,28.600000381469727,27.284000396728516,28.586000442504883,188796000
TSLA,2019-12-31,27.8886661529541,27.8886661529541,28.086000442504883,26.80533218383789,27.0,154285500
TSLA,2020-01-02,28.68400001525879,28.68400001525879,28.713333129882812,28.11400032043457,28.299999237060547,142981500
TSLA,2020-01-03,29.534000396728516,29.534000396728516,30.266666412353516,29.128000259399414,29.366666793823242,266677500
TSLA,2020-01-06,30.1026668548584,30.1026668548584,30.104000091552734,29.333332061767578,29.364667892456055,151995000
TSLA,2020-01-07,31.270666122436523,31.270666122436523,31.441999435424805,30.224000930786133,30.760000228881836,268231500
TSLA,2020-01-08,32.80933380126953,32.80933380126953,33.232666015625,31.215333938598633,31.579999923706055,467164500
TSLA,2020-01-09,32.089332580566406,32.089332580566406,33.253334045410156,31.524667739868164,33.13999938964844,426606000
TSLA,2020-01-10,31.876667022705078,31.876667022705078,32.3293342590332,31.579999923706055,32.11933135986328,194392500
TSLA,2020-01-13,34.990665435791016,34.990665435791016,35.04199981689453,32.79999923706055,32.900001525878906,397764000
TSLA,2020-01-14,35.861331939697266,35.861331939697266,36.49399948120117,34.99333190917969,36.284000396728516,434943000
TSLA,2020-01-15,34.56666564941406,34.56666564941406,35.85599899291992,34.452667236328125,35.31733322143555,260532000
TSLA,2020-01-16,34.232666015625,34.232666015625,34.297332763671875,32.81133270263672,32.91666793823242,326050500
TSLA,2020-01-17,34.03333282470703,34.03333282470703,34.37799835205078,33.54399871826172,33.840667724609375,204436500
TSLA,2020-01-21,36.47999954223633,36.47999954223633,36.571998596191406,35.227333068847656,35.349998474121094,267052500
TSLA,2020-01-22,37.97066879272461,37.97066879272461,39.633331298828125,37.27333450317383,38.125999450683594,470535000
TSLA,2020-01-23,38.14666748046875,38.14666748046875,38.79999923706055,37.040000915527344,37.616668701171875,294765000
TSLA,2020-01-24,37.654666900634766,37.654666900634766,38.25733184814453,36.95066833496094,38.04199981689453,215304000
TSLA,2020-01-27,37.201332092285156,37.201332092285156,37.62933349609375,35.95199966430664,36.132667541503906,204121500
TSLA,2020-01-28,37.793331146240234,37.793331146240234,38.45399856567383,37.2053337097168,37.89933395385742,176827500
TSLA,2020-01-29,38.732666015625,38.732666015625,39.31999969482422,37.82866668701172,38.37933349609375,267022500
TSLA,2020-01-30,42.72066879272461,42.72066879272461,43.391998291015625,41.20000076293945,42.16133117675781,435085500
TSLA,2020-01-31,43.371334075927734,43.371334075927734,43.53333282470703,42.167999267578125,42.66666793823242,235789500
TSLA,2020-02-03,52.0,52.0,52.409332275390625,44.90133285522461,44.91266632080078,705975000
TSLA,2020-02-04,59.137332916259766,59.137332916259766,64.59933471679688,55.59199905395508,58.86399841308594,914082000
TSLA,2020-02-05,48.97999954223633,48.97999954223633,56.39866638183594,46.94066619873047,54.88399887084961,726357000
TSLA,2020-02-06,49.930667877197266,49.930667877197266,53.05533218383789,45.79999923706055,46.66133117675781,598212000
TSLA,2020-02-07,49.871334075927734,49.871334075927734,51.31666564941406,48.66666793823242,48.70333480834961,255952500
TSLA,2020-02-10,51.41866683959961,51.41866683959961,54.66600036621094,50.15999984741211,53.33333206176758,370338000
TSLA,2020-02-11,51.62533187866211,51.62533187866211,52.23400115966797,50.53333282470703,51.25266647338867,175462500
TSLA,2020-02-12,51.15266799926758,51.15266799926758,52.650001525878906,50.891334533691406,51.858001708984375,180337500
TSLA,2020-02-13,53.599998474121094,53.599998474121094,54.53333282470703,49.0,49.45600128173828,394339500
TSLA,2020-02-14,53.33533477783203,53.33533477783203,54.198001861572266,52.366668701171875,52.4813346862793,235405500
TSLA,2020-02-18,57.22666549682617,57.22666549682617,57.33333206176758,55.490665435791016,56.106666564941406,245725500
TSLA,2020-02-19,61.16133117675781,61.16133117675781,62.98533248901367,60.06800079345703,61.56666564941406,381345000
TSLA,2020-02-20,59.96066665649414,59.96066665649414,60.79999923706055,57.3293342590332,60.79666519165039,264523500
TSLA,2020-02-21,60.06666564941406,60.06666564941406,60.87066650390625,58.6966667175293,60.46533203125,214722000
TSLA,2020-02-24,55.58599853515625,55.58599853515625,57.56666564941406,54.813331604003906,55.93333435058594,227883000
TSLA,2020-02-25,53.32733154296875,53.32733154296875,57.106666564941406,52.46666717529297,56.599998474121094,259357500
TSLA,2020-02-26,51.91999816894531,51.91999816894531,54.22066879272461,51.740665435791016,52.16666793823242,211282500
TSLA,2020-02-27,45.266666412353516,45.266666412353516,49.31800079345703,44.599998474121094,48.66666793823242,364158000
TSLA,2020-02-28,44.53266525268555,44.53266525268555,46.03466796875,40.768001556396484,41.97999954223633,363343500
TSLA,2020-03-02,49.574668884277344,49.574668884277344,49.5793342590332,45.77799987792969,47.41733169555664,302925000
TSLA,2020-03-03,49.70066833496094,49.70066833496094,53.798667907714844,47.740665435791016,53.66666793823242,386760000
TSLA,2020-03-04,49.96666717529297,49.96666717529297,51.10133361816406,48.31533432006836,50.930667877197266,225735000
TSLA,2020-03-05,48.30266571044922,48.30266571044922,49.71666717529297,47.871334075927734,48.2513313293457,162790500
TSLA,2020-03-06,46.89866638183594,46.89866638183594,47.133331298828125,45.61800003051758,46.0,189943500
TSLA,2020-03-09,40.53333282470703,40.53333282470703,44.20000076293945,40.33333206176758,40.35933303833008,256105500
TSLA,2020-03-10,43.02199935913086,43.02199935913086,44.53333282470703,40.53333282470703,43.96200180053711,233916000
TSLA,2020-03-11,42.28200149536133,42.28200149536133,43.571998596191406,40.866668701171875,42.68000030517578,199837500
TSLA,2020-03-12,37.369998931884766,37.369998931884766,39.633331298828125,36.41666793823242,38.72600173950195,283636500
TSLA,2020-03-13,36.44133377075195,36.44133377075195,40.50466537475586,33.46666717529297,39.66666793823242,339604500
TSLA,2020-03-16,29.67133331298828,29.67133331298828,32.9913330078125,29.47800064086914,31.299999237060547,307342500
TSLA,2020-03-17,28.68000030517578,28.68000030517578,31.456666946411133,26.399999618530273,29.333999633789062,359919000
TSLA,2020-03-18,24.08133316040039,24.08133316040039,26.99066734313965,23.367332458496094,25.933332443237305,356793000
TSLA,2020-03-19,28.50933265686035,28.50933265686035,30.133333206176758,23.8973331451416,24.979999542236328,452932500
TSLA,2020-03-20,28.50200080871582,28.50200080871582,31.799999237060547,28.38599967956543,29.213333129882812,424282500
TSLA,2020-03-23,28.952667236328125,28.952667236328125,29.46666717529297,27.366666793823242,28.906667709350586,246817500
TSLA,2020-03-24,33.66666793823242,33.66666793823242,34.24599838256836,31.600000381469727,31.81999969482422,343428000
TSLA,2020-03-25,35.95000076293945,35.95000076293945,37.133331298828125,34.07400131225586,36.349998474121094,318340500
TSLA,2020-03-26,35.21066665649414,35.21066665649414,37.33333206176758,34.150001525878906,36.49266815185547,260710500
TSLA,2020-03-27,34.29066848754883,34.29066848754883,35.0533332824707,32.935333251953125,33.66666793823242,215661000
TSLA,2020-03-30,33.47533416748047,33.47533416748047,34.44333267211914,32.7486686706543,34.017333984375,179971500
TSLA,2020-03-31,34.93333435058594,34.93333435058594,36.19733428955078,33.133331298828125,33.41666793823242,266572500
TSLA,2020-04-01,32.104000091552734,32.104000091552734,34.26333236694336,31.67333221435547,33.599998474121094,200298000
TSLA,2020-04-02,30.29800033569336,30.29800033569336,32.95066833496094,29.760000228881836,32.068668365478516,297876000
TSLA,2020-04-03,32.000667572021484,32.000667572021484,34.36600112915039,31.22599983215332,33.96666717529297,338431500
TSLA,2020-04-06,34.41600036621094,34.41600036621094,34.733333587646484,33.19733428955078,34.08000183105469,223527000
TSLA,2020-04-07,36.36333465576172,36.36333465576172,37.66666793823242,35.48933410644531,36.33333206176758,268797000
TSLA,2020-04-08,36.589332580566406,36.589332580566406,37.14733123779297,35.55533218383789,36.9466667175293,189840000
TSLA,2020-04-09,38.20000076293945,38.20000076293945,38.345333099365234,37.14066696166992,37.4726676940918,204750000
TSLA,2020-04-13,43.39666748046875,43.39666748046875,43.46666717529297,38.70199966430664,39.34400177001953,337131000
TSLA,2020-04-14,47.32600021362305,47.32600021362305,49.45866775512695,46.1619987487793,46.597999572753906,458647500
TSLA,2020-04-15,48.65533447265625,48.65533447265625,50.20866775512695,47.33333206176758,49.46666717529297,353655000
TSLA,2020-04-16,49.680667877197266,49.680667877197266,50.630001068115234,47.11466598510742,47.79600143432617,309868500
TSLA,2020-04-17,50.259334564208984,50.259334564208984,51.663333892822266,49.84400177001953,51.48533248901367,196923000
TSLA,2020-04-20,49.75733184814453,49.75733184814453,51.03799819946289,47.48066711425781,48.8466682434082,221199000
TSLA,2020-04-21,45.781333923339844,45.781333923339844,50.22200012207031,44.919334411621094,48.67466735839844,303136500
TSLA,2020-04-22,48.807334899902344,48.807334899902344,48.93333435058594,45.91400146484375,46.93199920654297,212482500
TSLA,2020-04-23,47.04199981689453,47.04199981689453,48.93333435058594,46.87533187866211,48.50666809082031,198550500
TSLA,2020-04-24,48.34333419799805,48.34333419799805,48.71533203125,46.54533386230469,47.387332916259766,198180000
TSLA,2020-04-27,53.25,53.25,53.29933166503906,49.0,49.17399978637695,310221000
TSLA,2020-04-28,51.27466583251953,51.27466583251953,53.66666793823242,50.44599914550781,53.042667388916016,228330000
TSLA,2020-04-29,53.367332458496094,53.367332458496094,53.54666519165039,52.21066665649414,52.678001403808594,243240000
TSLA,2020-04-30,52.12533187866211,52.12533187866211,57.987998962402344,50.900001525878906,57.01266860961914,427078500
TSLA,2020-05-01,46.75466537475586,46.75466537475586,51.518001556396484,45.5359992980957,50.33333206176758,487977000
TSLA,2020-05-04,50.74599838256836,50.74599838256836,50.79999923706055,46.53333282470703,46.733333587646484,288556500
TSLA,2020-05-05,51.2140007019043,51.2140007019043,53.26133346557617,50.8120002746582,52.65266799926758,254875500
TSLA,2020-05-06,52.172000885009766,52.172000885009766,52.6533317565918,50.740665435791016,51.766666412353516,166848000
TSLA,2020-05-07,52.00266647338867,52.00266647338867,53.09333419799805,51.4900016784668,51.81399917602539,172915500
TSLA,2020-05-08,54.62799835205078,54.62799835205078,54.93333435058594,52.46733474731445,52.917999267578125,241297500
TSLA,2020-05-11,54.08599853515625,54.08599853515625,54.93333435058594,52.33333206176758,52.70066833496094,247794000
TSLA,2020-05-12,53.96066665649414,53.96066665649414,56.21933364868164,53.866668701171875,55.133331298828125,238603500
TSLA,2020-05-13,52.73066711425781,52.73066711425781,55.06666564941406,50.88666534423828,54.72200012207031,285982500
TSLA,2020-05-14,53.55533218383789,53.55533218383789,53.557334899902344,50.93333435058594,52.0,205233000
TSLA,2020-05-15,53.27799987792969,53.27799987792969,53.66999816894531,52.436668395996094,52.689998626708984,157776000
TSLA,2020-05-18,54.242000579833984,54.242000579833984,55.64799880981445,53.59199905395508,55.185333251953125,174987000
TSLA,2020-05-19,53.867332458496094,53.867332458496094,54.80466842651367,53.73866653442383,54.34466552734375,144547500
TSLA,2020-05-20,54.37066650390625,54.37066650390625,55.06666564941406,54.119998931884766,54.70000076293945,109639500
TSLA,2020-05-21,55.17333221435547,55.17333221435547,55.5,53.06666564941406,54.400001525878906,183819000
TSLA,2020-05-22,54.45866775512695,54.45866775512695,55.45199966430664,54.133331298828125,54.81133270263672,149812500
TSLA,2020-05-26,54.591331481933594,54.591331481933594,55.63999938964844,54.38066864013672,55.633331298828125,121345500
TSLA,2020-05-27,54.68199920654297,54.68199920654297,55.180667877197266,52.33333206176758,54.7239990234375,173242500
TSLA,2020-05-28,53.72066879272461,53.72066879272461,54.983333587646484,53.44599914550781,54.23400115966797,108834000
TSLA,2020-05-29,55.66666793823242,55.66666793823242,55.66666793823242,53.61399841308594,53.91666793823242,176467500
TSLA,2020-06-01,59.87333297729492,59.87333297729492,59.93333435058594,56.939998626708984,57.20000076293945,224092500
TSLA,2020-06-02,58.770668029785156,58.770668029785156,60.57733154296875,58.06666564941406,59.64666748046875,203484000
TSLA,2020-06-03,58.86399841308594,58.86399841308594,59.862667083740234,58.67333221435547,59.20800018310547,119242500
TSLA,2020-06-04,57.62533187866211,57.62533187866211,59.71666717529297,57.229331970214844,59.32533264160156,133315500
TSLA,2020-06-05,59.04399871826172,59.04399871826172,59.10133361816406,57.746665954589844,58.522666931152344,117178500
TSLA,2020-06-08,63.327999114990234,63.327999114990234,63.33333206176758,60.61066818237305,61.266666412353516,212620500
TSLA,2020-06-09,62.711334228515625,62.711334228515625,63.62933349609375,61.595333099365234,62.66733169555664,170823000
TSLA,2020-06-10,68.336669921875,68.336669921875,68.49866485595703,65.5,66.12533569335938,278451000
TSLA,2020-06-11,64.85600280761719,64.85600280761719,67.9306640625,64.80000305175781,66.01333618164062,238747500
TSLA,2020-06-12,62.35200119018555,62.35200119018555,65.8653335571289,60.84000015258789,65.33333587646484,251451000
TSLA,2020-06-15,66.05999755859375,66.05999755859375,66.5893325805664,60.56666564941406,61.18600082397461,235458000
TSLA,2020-06-16,65.47533416748047,65.47533416748047,67.52532958984375,64.15933227539062,67.4566650390625,210766500
TSLA,2020-06-17,66.11933135986328,66.11933135986328,67.0,65.50466918945312,65.84733581542969,148362000
TSLA,2020-06-18,66.9306640625,66.9306640625,67.94667053222656,66.2979965209961,66.86666870117188,146278500
TSLA,2020-06-19,66.72666931152344,66.72666931152344,67.73133087158203,66.0893325805664,67.51866912841797,130195500
TSLA,2020-06-22,66.28800201416016,66.28800201416016,67.2586669921875,66.00133514404297,66.663330078125,95436000
TSLA,2020-06-23,66.78533172607422,66.78533172607422,67.46666717529297,66.267333984375,66.59200286865234,95479500
TSLA,2020-06-24,64.0566635131836,64.0566635131836,66.72533416748047,63.542667388916016,66.27400207519531,164394000
TSLA,2020-06-25,65.73200225830078,65.73200225830078,65.73200225830078,62.47666549682617,63.61800003051758,138817500
TSLA,2020-06-26,63.982666015625,63.982666015625,66.33333587646484,63.65800094604492,66.31866455078125,132823500
TSLA,2020-06-29,67.29000091552734,67.29000091552734,67.33333587646484,63.23466873168945,64.60066986083984,135396000
TSLA,2020-06-30,71.98733520507812,71.98733520507812,72.51266479492188,66.91533660888672,67.0999984741211,253777500
TSLA,2020-07-01,74.64199829101562,74.64199829101562,75.68866729736328,72.03333282470703,72.19999694824219,199903500
TSLA,2020-07-02,80.57733154296875,80.57733154296875,81.86666870117188,79.04000091552734,81.43199920654297,258751500
TSLA,2020-07-06,91.43866729736328,91.43866729736328,91.85266876220703,84.40266418457031,85.11266326904297,308548500
TSLA,2020-07-07,92.65733337402344,92.65733337402344,95.30000305175781,89.11399841308594,93.6673355102539,322345500
TSLA,2020-07-08,91.05867004394531,91.05867004394531,94.48400115966797,87.42266845703125,93.66666412353516,244669500
TSLA,2020-07-09,92.9520034790039,92.9520034790039,93.90399932861328,90.08533477783203,93.1326675415039,175764000
TSLA,2020-07-10,102.97666931152344,102.97666931152344,103.2613296508789,91.73400115966797,93.06666564941406,350064000
TSLA,2020-07-13,99.80400085449219,99.80400085449219,119.66600036621094,98.0739974975586,110.5999984741211,584781000
TSLA,2020-07-14,101.12000274658203,101.12000274658203,106.0,95.4000015258789,103.73332977294922,351271500
TSLA,2020-07-15,103.06732940673828,103.06732940673828,103.33333587646484,97.13333129882812,102.86666870117188,245517000
TSLA,2020-07-16,100.04266357421875,100.04266357421875,102.11399841308594,97.73332977294922,98.47733306884766,214512000
TSLA,2020-07-17,100.05599975585938,100.05599975585938,102.50066375732422,99.33333587646484,100.89666748046875,139950000
TSLA,2020-07-20,109.53333282470703,109.53333282470703,110.0,99.19999694824219,101.267333984375,256821000
TSLA,2020-07-21,104.55733489990234,104.55733489990234,111.66666412353516,103.86666870117188,109.32866668701172,241608000
TSLA,2020-07-22,106.15533447265625,106.15533447265625,108.4280014038086,104.13333129882812,106.5999984741211,212416500
TSLA,2020-07-23,100.87133026123047,100.87133026123047,112.5999984741211,98.71800231933594,111.93000030517578,364927500
TSLA,2020-07-24,94.46666717529297,94.46666717529297,97.66666412353516,91.10266876220703,94.40066528320312,290949000
TSLA,2020-07-27,102.63999938964844,102.63999938964844,103.19599914550781,94.19999694824219,95.66666412353516,240730500
TSLA,2020-07-28,98.43267059326172,98.43267059326172,104.3133316040039,98.29467010498047,100.26667022705078,237130500
TSLA,2020-07-29,99.94066619873047,99.94066619873047,102.32066345214844,99.13333129882812,100.06666564941406,141403500
TSLA,2020-07-30,99.16600036621094,99.16600036621094,100.8826675415039,98.06666564941406,99.19999694824219,114315000
TSLA,2020-07-31,95.38400268554688,95.38400268554688,101.13666534423828,94.73200225830078,101.0,183123000
TSLA,2020-08-03,99.0,99.0,100.65399932861328,96.29199981689453,96.61333465576172,132139500
TSLA,2020-08-04,99.13333129882812,99.13333129882812,101.82733154296875,97.46666717529297,99.6673355102539,126225000
TSLA,2020-08-05,99.00133514404297,99.00133514404297,99.98933410644531,97.88733673095703,99.53266906738281,74217000
TSLA,2020-08-06,99.30533599853516,99.30533599853516,101.15399932861328,98.48400115966797,99.38866424560547,89884500
TSLA,2020-08-07,96.84733581542969,96.84733581542969,99.98332977294922,94.33399963378906,99.96932983398438,133446000
TSLA,2020-08-10,94.57133483886719,94.57133483886719,97.16666412353516,92.38933563232422,96.53333282470703,112834500
TSLA,2020-08-11,91.6259994506836,91.6259994506836,94.66666412353516,91.0,93.06666564941406,129387000
TSLA,2020-08-12,103.65066528320312,103.65066528320312,105.66666412353516,95.66666412353516,98.0,327441000
TSLA,2020-08-13,108.06666564941406,108.06666564941406,110.07866668701172,104.48400115966797,107.4000015258789,306379500
TSLA,2020-08-14,110.04733276367188,110.04733276367188,111.25333404541016,108.44266510009766,110.99933624267578,188664000
TSLA,2020-08-17,122.3759994506836,122.3759994506836,123.05733489990234,111.52200317382812,111.80000305175781,303634500
TSLA,2020-08-18,125.80599975585938,125.80599975585938,128.25999450683594,123.00733184814453,126.59933471679688,247117500
TSLA,2020-08-19,125.23533630371094,125.23533630371094,127.4000015258789,122.74732971191406,124.33333587646484,183079500
TSLA,2020-08-20,133.45533752441406,133.45533752441406,134.79933166503906,123.80400085449219,124.04533386230469,309177000
TSLA,2020-08-21,136.6653289794922,136.6653289794922,139.69932556152344,135.00332641601562,136.3173370361328,322344000
TSLA,2020-08-24,134.27999877929688,134.27999877929688,141.93333435058594,128.50132751464844,141.7519989013672,300954000
TSLA,2020-08-25,134.8893280029297,134.8893280029297,135.19667053222656,131.1999969482422,131.65933227539062,159883500
TSLA,2020-08-26,143.54466247558594,143.54466247558594,144.39999389648438,136.90866088867188,137.3333282470703,213591000
TSLA,2020-08-27,149.25,149.25,153.0399932861328,142.8333282470703,145.36399841308594,355395000
TSLA,2020-08-28,147.55999755859375,147.55999755859375,154.5659942626953,145.76800537109375,153.00799560546875,301218000
TSLA,2020-08-31,166.10667419433594,166.10667419433594,166.7133331298828,146.70333862304688,148.20333862304688,355123200
TSLA,2020-09-01,158.35000610351562,158.35000610351562,167.49667358398438,156.836669921875,167.3800048828125,269523300
TSLA,2020-09-02,149.1233367919922,149.1233367919922,159.67999267578125,135.0399932861328,159.663330078125,288528300
TSLA,2020-09-03,135.6666717529297,135.6666717529297,143.93333435058594,134.0,135.7433319091797,262788300
TSLA,2020-09-04,139.44000244140625,139.44000244140625,142.6666717529297,124.00666809082031,134.27000427246094,330965700
TSLA,2020-09-08,110.06999969482422,110.06999969482422,122.913330078125,109.95999908447266,118.66666412353516,346397100
TSLA,2020-09-09,122.09333038330078,122.09333038330078,123.0,113.836669921875,118.86666870117188,238397400
TSLA,2020-09-10,123.77999877929688,123.77999877929688,132.99667358398438,120.1866683959961,128.73666381835938,254791800
TSLA,2020-09-11,124.23999786376953,124.23999786376953,127.5,120.16666412353516,127.3133316040039,182152500
TSLA,2020-09-14,139.8733367919922,139.8733367919922,140.0,124.43333435058594,126.98332977294922,249061800
TSLA,2020-09-15,149.9199981689453,149.9199981689453,153.97999572753906,143.56666564941406,145.52000427246094,291894600
TSLA,2020-09-16,147.25332641601562,147.25332641601562,152.59666442871094,145.10333251953125,146.6233367919922,216837900
TSLA,2020-09-17,141.14332580566406,141.14332580566406,145.92999267578125,136.0,138.53334045410156,230337600
TSLA,2020-09-18,147.38333129882812,147.38333129882812,150.3333282470703,142.93333435058594,149.31333923339844,259220400
TSLA,2020-09-21,149.79666137695312,149.79666137695312,151.89332580566406,135.69000244140625,151.0433349609375,328430400
TSLA,2020-09-22,141.41000366210938,141.41000366210938,145.9199981689453,139.1999969482422,143.1999969482422,238742400
TSLA,2020-09-23,126.78666687011719,126.78666687011719,137.38333129882812,125.2933349609375,135.05332946777344,285222600
TSLA,2020-09-24,129.26333618164062,129.26333618164062,133.1666717529297,117.0999984741211,121.26667022705078,289683300
TSLA,2020-09-25,135.77999877929688,135.77999877929688,136.2433319091797,130.43333435058594,131.1566619873047,201625500
TSLA,2020-09-28,140.39999389648438,140.39999389648438,142.69332885742188,138.51666259765625,141.5399932861328,149158800
TSLA,2020-09-29,139.69000244140625,139.69000244140625,142.8333282470703,137.1999969482422,138.6666717529297,150657900
TSLA,2020-09-30,143.00332641601562,143.00332641601562,144.64332580566406,140.1566619873047,140.44000244140625,144436800
TSLA,2020-10-01,149.3866729736328,149.3866729736328,149.6266632080078,144.80667114257812,146.9199981689453,152224500
TSLA,2020-10-02,138.3633270263672,138.3633270263672,146.3766632080078,138.3333282470703,140.4633331298828,214290000
TSLA,2020-10-05,141.89332580566406,141.89332580566406,144.54666137695312,139.77667236328125,141.11666870117188,134168400
TSLA,2020-10-06,137.9933319091797,137.9933319091797,142.92666625976562,135.35000610351562,141.26333618164062,147438900
TSLA,2020-10-07,141.76666259765625,141.76666259765625,143.3000030517578,137.9499969482422,139.9566650390625,129383100
TSLA,2020-10-08,141.97332763671875,141.97332763671875,146.3333282470703,141.76666259765625,146.14666748046875,121263300
TSLA,2020-10-09,144.6666717529297,144.6666717529297,144.8633270263672,142.15333557128906,143.3766632080078,86777100
TSLA,2020-10-12,147.43333435058594,147.43333435058594,149.5800018310547,146.19332885742188,147.3333282470703,116373300
TSLA,2020-10-13,148.88333129882812,148.88333129882812,149.6300048828125,145.53334045410156,147.78334045410156,103391100
TSLA,2020-10-14,153.76666259765625,153.76666259765625,155.3000030517578,149.11666870117188,149.92666625976562,143639100
TSLA,2020-10-15,149.6266632080078,149.6266632080078,152.19000244140625,147.5,150.10333251953125,107017200
TSLA,2020-10-16,146.55667114257812,146.55667114257812,151.98333740234375,146.28334045410156,151.47999572753906,98327700
TSLA,2020-10-19,143.61000061035156,143.61000061035156,149.0,142.9566650390625,148.74667358398438,108863400
TSLA,2020-10-20,140.64666748046875,140.64666748046875,143.9166717529297,139.68333435058594,143.9166717529297,94968900
TSLA,2020-10-21,140.8800048828125,140.8800048828125,144.31666564941406,140.4166717529297,140.89999389648438,97111500
TSLA,2020-10-22,141.92999267578125,141.92999267578125,148.41000366210938,141.50332641601562,147.30667114257812,119979600
TSLA,2020-10-23,140.2100067138672,140.2100067138672,140.9633331298828,135.7933349609375,140.6133270263672,101151000
TSLA,2020-10-26,140.0933380126953,140.0933380126953,141.9199981689453,136.6666717529297,137.2100067138672,84717600
TSLA,2020-10-27,141.55999755859375,141.55999755859375,143.5,140.03334045410156,141.25332641601562,68059500
TSLA,2020-10-28,135.33999633789062,135.33999633789062,139.53334045410156,135.3333282470703,138.82666015625,76354200
TSLA,2020-10-29,136.94332885742188,136.94332885742188,139.35333251953125,135.48666381835938,136.65333557128906,67965900
